{"cameraMode":{"drawMode":0,"name":"Shaded","section":"Shading Mode"},"sceneLighting":false,"audioPlay":false,"sceneViewState":{"m_AlwaysRefresh":false,"showFog":true,"showSkybox":true,"showFlares":true,"showImageEffects":true,"showParticleSystems":true,"showVisualEffectGraphs":true,"m_FxEnabled":true},"in2DMode":false,"pivot":{"x":-1.7639784812927247,"y":3.6688156127929689,"z":3.0660958290100099},"rotation":{"x":0.005259262397885323,"y":0.9908356070518494,"z":-0.12884379923343659,"w":0.0404491052031517},"size":3.8113741874694826,"orthographic":false}